-- 初始化班级数据
DELETE FROM classes;
INSERT INTO classes (class_id, class_name, grade, head_teacher, classroom, student_count) VALUES
('CS-2023-1', '计算机科学与技术1班', 1, '王老师', '逸夫楼201', 30),
('CS-2023-2', '计算机科学与技术2班', 1, '李老师', '逸夫楼202', 28),
('MA-2023-1', '数学与应用数学1班', 1, '张老师', '理学楼101', 25),
('EN-2023-1', '英语1班', 1, '刘老师', '外语楼301', 20);

-- 初始化教师数据
DELETE FROM teachers;
INSERT INTO teachers (teacher_id, name, gender, birth_date, title, department, hire_date, phone, email) VALUES
('T001', '王立群', '男', '1980-05-15', '教授', '计算机学院', '2005-08-20', '13800138001', 'wangliqun@school.edu'),
('T002', '李静', '女', '1985-11-22', '副教授', '计算机学院', '2010-03-15', '13800138002', 'lijing@school.edu'),
('T003', '张伟', '男', '1978-03-10', '教授', '数学学院', '2003-07-01', '13800138003', 'zhangwei@school.edu'),
('T004', '刘芳', '女', '1982-09-18', '讲师', '外语学院', '2008-09-01', '13800138004', 'liufang@school.edu');

-- 初始化学生数据
DELETE FROM students;
INSERT INTO students (student_id, name, gender, birth_date, class_id, enrollment_date, address, phone, email, id_card, status) VALUES
('20230001', '张三', '男', '2005-03-15', 'CS-2023-1', '2023-09-01', '北京市海淀区', '13800138111', 'zhangsan@school.edu', '110105200503151234', 1),
('20230002', '李四', '男', '2005-07-22', 'CS-2023-1', '2023-09-01', '北京市朝阳区', '13800138222', 'lisi@school.edu', '110105200507221235', 1),
('20230003', '王五', '女', '2005-01-30', 'CS-2023-2', '2023-09-01', '北京市西城区', '13800138333', 'wangwu@school.edu', '110105200501301236', 1),
('20230004', '赵六', '女', '2005-11-05', 'MA-2023-1', '2023-09-01', '北京市东城区', '13800138444', 'zhaoliu@school.edu', '110105200511051237', 1),
('20230005', '钱七', '男', '2005-09-18', 'EN-2023-1', '2023-09-01', '北京市丰台区', '13800138555', 'qianqi@school.edu', '110105200509181238', 1);

-- 初始化课程数据
DELETE FROM courses;
INSERT INTO courses (course_id, course_name, credit, teacher_id, class_hours, course_type, description) VALUES
('CS101', '计算机科学导论', 3.0, 'T001', 48, '必修', '计算机专业基础课程'),
('CS102', '程序设计基础', 4.0, 'T002', 64, '必修', 'C语言程序设计'),
('MA101', '高等数学', 5.0, 'T003', 80, '必修', '理工科基础数学课程'),
('EN101', '大学英语', 4.0, 'T004', 64, '必修', '非英语专业英语课程'),
('CS201', '数据结构', 4.0, 'T001', 64, '必修', '计算机专业核心课程');

-- 初始化成绩数据
DELETE FROM scores;
INSERT INTO scores (student_id, course_id, score, credit_earned, semester, exam_date, remark) VALUES
('20230001', 'CS101', 85.5, 3.0, '2023-2024-1', '2024-01-15', NULL),
('20230001', 'MA101', 92.0, 5.0, '2023-2024-1', '2024-01-18', NULL),
('20230002', 'CS101', 78.0, 3.0, '2023-2024-1', '2024-01-15', NULL),
('20230002', 'EN101', 88.5, 4.0, '2023-2024-1', '2024-01-20', NULL),
('20230003', 'CS102', 91.0, 4.0, '2023-2024-1', '2024-01-16', NULL),
('20230004', 'MA101', 95.0, 5.0, '2023-2024-1', '2024-01-18', '班级第一名'),
('20230005', 'EN101', 82.0, 4.0, '2023-2024-1', '2024-01-20', NULL);

-- 清空表数据（可选）
-- TRUNCATE TABLE teaching_assignments;

-- 插入授课安排数据
DELETE FROM teacher_assignments;
INSERT INTO teacher_assignments (teacher_id, course_id, semester, classroom, schedule, create_time, update_time, deleted)
VALUES
    -- 王立群教授 (T001) 担任计算机科学导论 (CS101) 的授课
    (1, 1, '2023-2024-1', '逸夫楼301', '周一 1-2节, 周三 3-4节', NOW(), NOW(), 0),
    -- 李静副教授 (T002) 担任程序设计基础 (CS102) 的授课
    (2, 2, '2023-2024-1', '逸夫楼302', '周二 1-2节, 周四 3-4节', NOW(), NOW(), 0),
    -- 张伟教授 (T003) 担任高等数学 (MA101) 的授课
    (3, 3, '2023-2024-1', '理学楼101', '周一 5-6节, 周三 5-6节', NOW(), NOW(), 0),
    -- 刘芳讲师 (T004) 担任大学英语 (EN101) 的授课
    (4, 4, '2023-2024-1', '外语楼201', '周二 3-4节, 周五 1-2节', NOW(), NOW(), 0),
    -- 王立群教授 (T001) 同时担任数据结构 (CS201) 的授课
    (1, 5, '2023-2024-1', '逸夫楼401', '周五 5-7节', NOW(), NOW(), 0),
    -- 李静副教授 (T002) 在第二学期继续教授程序设计基础 (CS102)
    (2, 2, '2023-2024-2', '逸夫楼302', '周一 3-4节, 周三 1-2节', NOW(), NOW(), 0);